"Artist Name","Apple Music","Amazon Music","Spotify"
"Aglio olio e peperoncino","https://music.apple.com/us/artist/aglio-olio-e-peperoncino/1719963775","https://music.amazon.co.jp/artists/B0CK8MMJPX","https://open.spotify.com/artist/2sphPlWWuA5u3Ae4Vslq8t"
"Airani Iofifteen","https://music.apple.com/us/artist/airani-iofifteen/1613643338","https://music.amazon.co.jp/artists/B09NSGDYZ1","https://open.spotify.com/artist/0AbLToInO6rHigBNhGZBGq"
"Akai Haato","https://music.apple.com/us/artist/akai-haato/1567324094","https://music.amazon.co.jp/artists/B08LH1GWPX","https://open.spotify.com/artist/4NgITXm3vMqS9UliUXVJSW"
"AkamiKarubi","https://music.apple.com/us/artist/akamikarubi/1775630955","",""
"Akari Yumeno","https://music.apple.com/us/artist/akari-yumeno/1841779218","",""
"Aki Rosenthal","https://music.apple.com/us/artist/aki-rosenthal/1511311647","https://music.amazon.co.jp/artists/B08LH3XP9M","https://open.spotify.com/artist/1OanXg0yuvFqbHPzeKlKKQ"
"Amaki Pururu","https://music.apple.com/us/artist/amaki-pururu/1832167356","",""
"Amane Kanata","https://music.apple.com/us/artist/amane-kanata/1573415743","https://music.amazon.co.jp/artists/B08SVWTJJ2","https://open.spotify.com/artist/0fgB5YKM5Dg3TjIIGn1U8L"
"Amatsuka Uto","https://music.apple.com/us/artist/amatsuka-uto/1576289660","https://music.amazon.co.jp/artists/B08YRQ42QB","https://open.spotify.com/artist/6Z8Tt1XqwaO1znge5RCJn5"
"Ange Katrina","https://music.apple.com/us/artist/ange-katrina/1514527896","https://music.amazon.co.jp/artists/B08HQ83TR5","https://open.spotify.com/artist/5YFXEyfGPgR5EW04Q7AYSS"
"Anko Kisaki","https://music.apple.com/us/artist/anko-kisaki/1551574978","",""
"Anya Melfissa","https://music.apple.com/us/artist/anya-melfissa/1632870604","https://music.amazon.co.jp/artists/B09QMWXR7L","https://open.spotify.com/artist/7IgTyGobZbeZXMqVGtyuXt"
"Aomiya Yozuri","https://music.apple.com/us/artist/aomiya-yozuri/1734943695","https://music.amazon.co.jp/artists/B0CMMW97HJ","https://open.spotify.com/artist/0AxPzCixVWkv38HnXjJrjH"
"asanoruri","https://music.apple.com/us/artist/asanoruri/1472513900","https://music.amazon.co.jp/artists/B07G4PDWJD","https://open.spotify.com/artist/0Uh0LT1tKdi9JI9t8RVi9Q"
"Audrey Mina","https://music.apple.com/us/artist/audrey-mina/1729705629","https://music.amazon.co.jp/artists/B0CJ63Z413","https://open.spotify.com/artist/6cyVY3KkoDCjKKxBMfzrim"
"AyaFubuMi","https://music.apple.com/us/artist/ayafubumi/1602207451","https://music.amazon.co.jp/artists/B09MZZZTCG","https://open.spotify.com/artist/5PTCfA9rHh84DMDQvmXXgR"
"Ayunda Risu","https://music.apple.com/us/artist/ayunda-risu/1604379294","https://music.amazon.co.jp/artists/B09P4PDMJ8","https://open.spotify.com/artist/0DLGRxn8ekwxFrkzEtvKkH"
"AZKi","https://music.apple.com/us/artist/azki/1446516797","https://music.amazon.co.jp/artists/B07H2VL9N9","https://open.spotify.com/artist/1zSv9qZANYwxvxLqNd2BnT"
"Blue Journey","https://music.apple.com/us/artist/blue-journey/1681528593","https://music.amazon.co.jp/artists/B0BV8QH4QR","https://open.spotify.com/artist/0zsKWnFbxs7cw7roqgd7h9"
"BOOGEY VOXX","https://music.apple.com/us/artist/boogey-voxx/1510134548","https://music.amazon.co.jp/artists/B088P6YJ3Y","https://open.spotify.com/artist/1jg8CgDlHSZNb9qMeYjrku"
"Cecilia Immergreen","https://music.apple.com/us/artist/cecilia-immergreen/1753197578","https://music.amazon.co.jp/artists/B0CQRYNP6N","https://open.spotify.com/artist/4cTQFFbReuu5qRVoR0vQHe"
"Ceres Fauna","https://music.apple.com/us/artist/ceres-fauna/1624026669","https://music.amazon.co.jp/artists/B09R4K2VVQ","https://open.spotify.com/artist/2nK5kQWRTG8BaHJALnEb4n"
"Charlotte Shimamura","https://music.apple.com/us/artist/charlotte-shimamura/1485359193","",""
"Ci-Chan","https://music.apple.com/us/artist/ci-chan/1682609239","https://music.amazon.co.jp/artists/B0BVHQ1XJL","https://open.spotify.com/artist/0Ub5DEKeTZpDlvUmbWlL5j"
"CIEL","https://music.apple.com/us/artist/ciel/1675332161","https://music.amazon.co.jp/artists/B0BQ66FMBV","https://open.spotify.com/artist/3GhLvx7TLejVZWE1uGLEjf"
"ClariS","https://music.apple.com/us/artist/claris/548139430","https://music.amazon.co.jp/artists/B003XE1R3C","https://open.spotify.com/artist/1YWW7y1tGUz1eC6InbRw9G"
"CONA","https://music.apple.com/us/artist/cona/1775384051","https://music.amazon.co.jp/artists/B0CFBXC22N","https://open.spotify.com/artist/4DiPeCleXBG7NR7k6tzUNY"
"CULUA","https://music.apple.com/us/artist/culua/1745046590","https://music.amazon.co.jp/artists/B0CP1ZKST6","https://open.spotify.com/artist/2Gg5S2wgw1HtTOXJzAUuUH"
"DECO*27","https://music.apple.com/us/artist/deco-27/353899348","https://music.amazon.co.jp/artists/B002UXRGKY","https://open.spotify.com/artist/0rW6eN5RaUSSLFJKhSGj7F"
"Delutaya","https://music.apple.com/us/artist/delutaya/1495322633","https://music.amazon.co.jp/artists/B087QV5RGM","https://open.spotify.com/artist/2N5ByB4ZAqO0jfVVyNAOYa"
"Diao ye zong","https://music.apple.com/us/artist/diao-ye-zong/1528296355","https://music.amazon.co.jp/artists/B07MKPVHJ4","https://open.spotify.com/artist/5YMtKsFBHVyiY8MkNi8F3V"
"DIVELA","https://music.apple.com/us/artist/divela/1424831040","https://music.amazon.co.jp/artists/B0835QTLM9","https://open.spotify.com/artist/2ZaB1McEdFmeEXRYoCSJ6i"
"Elizabeth Rose Bloodflame","https://music.apple.com/us/artist/elizabeth-rose-bloodflame/1753197576","https://music.amazon.co.jp/artists/B0CQ7QWX2W","https://open.spotify.com/artist/0o9vTcT0TYaxx8Pz21Kgfj"
"Else & Poki","https://music.apple.com/us/artist/else-poki/1438349638","https://music.amazon.co.jp/artists/B07JH2GGKJ","https://open.spotify.com/artist/0oMhvaxnvh2UNpE04hHZV5"
"Ema Aizawa","https://music.apple.com/us/artist/ema-aizawa/1835333383","",""
"enogu","https://music.apple.com/us/artist/enogu/1442158660","https://music.amazon.co.jp/artists/B07H5N1M3N","https://open.spotify.com/artist/1QuYhuXqTIhfeW0EOwe7wQ"
"FLOW GLOW","https://music.apple.com/us/artist/flow-glow/1778558415","https://music.amazon.co.jp/artists/B0CF3LGPCM","https://open.spotify.com/artist/7hKwqG0hgvFLP6gha11SMb"
"fripSide","https://music.apple.com/us/artist/fripside/328794122","",""
"Fubuki Shirakami","https://music.apple.com/us/artist/fubuki-shirakami/1478692485","https://music.amazon.co.jp/artists/B08LH3BSSP","https://open.spotify.com/artist/2zQJ4DHuyRd8oThevJJ9mZ"
"Fuji Aoi","https://music.apple.com/us/artist/fuji-aoi/1438385873","https://music.amazon.co.jp/artists/B07H3RCXK6","https://open.spotify.com/artist/4WH4Inz1XbBq3aEG8zLXgB"
"Furen E Lustario","https://music.apple.com/us/artist/furen-e-lustario/1554415337","https://music.amazon.co.jp/artists/B08VRJ8JC9","https://open.spotify.com/artist/1xh8Mb8DDjWLcWRFkMUf8v"
"FUWAMOCO","https://music.apple.com/us/artist/fuwamoco/1760329766","https://music.amazon.co.jp/artists/B0CT6VW7ND","https://open.spotify.com/artist/5DjHKY5oVqY8qY11hGkMKQ"
"GARNiDELiA","https://music.apple.com/us/artist/garnidelia/449080818","",""
"Gawr Gura","https://music.apple.com/us/artist/gawr-gura/1554144190","https://music.amazon.co.jp/artists/B08WJMPTW5","https://open.spotify.com/artist/0PRApVJAnQp1g3sYxUNC5F"
"Gigi Murin","https://music.apple.com/us/artist/gigi-murin/1753197579","https://music.amazon.co.jp/artists/B0CQ7QYX8P","https://open.spotify.com/artist/5lDctzJuxVkEECPunZgnWu"
"Ginga Alice","https://music.apple.com/us/artist/ginga-alice/1445636514","",""
"HACHI","https://music.apple.com/us/artist/hachi/1523621267","https://music.amazon.co.jp/artists/B08D6V8LCV","https://open.spotify.com/artist/56xMfCvHzBK09ByF6BYcJH"
"Hakos Baelz","https://music.apple.com/us/artist/hakos-baelz/1611742083","https://music.amazon.co.jp/artists/B09QJ9PGJG","https://open.spotify.com/artist/7Lx41XBQtcD4D1IiILXFnl"
"Hakui Koyori","https://music.apple.com/us/artist/hakui-koyori/1629813568","https://music.amazon.co.jp/artists/B09RRZM6XJ","https://open.spotify.com/artist/2B8I2DfDQpNjZFLWBmvCrm"
"Haneru Inaba","https://music.apple.com/us/artist/haneru-inaba/1486151558","",""
"Hao","https://music.apple.com/us/artist/hao/1811160355","",""
"Himawari Honma","https://music.apple.com/us/artist/himawari-honma/1513879198","https://music.amazon.co.jp/artists/B08KH3H8GM","https://open.spotify.com/artist/3qNOvECUc7FvGlD3XKrkKx"
"HIME TANAKA","https://music.apple.com/us/artist/hime-tanaka/1544694473","https://music.amazon.co.jp/artists/B08VW4GXS4","https://open.spotify.com/artist/3VUxTx8WsjSzsRsv0cfxBt"
"HIMEHINA","https://music.apple.com/us/artist/himehina/1448678212","https://music.amazon.co.jp/artists/B07H2W2N5F","https://open.spotify.com/artist/3ucYi7th4qBytOxH1bHbhG"
"Himemori Luna","https://music.apple.com/us/artist/himemori-luna/1573415745","https://music.amazon.co.jp/artists/B09671QSMM","https://open.spotify.com/artist/2rWH6YYyqAByoY4JfGc8Fm"
"HINA SUZUKI","https://music.apple.com/us/artist/hina-suzuki/1544694483","https://music.amazon.co.jp/artists/B08VW1TBPJ","https://open.spotify.com/artist/3sNjo8BZWN5NCKaLMYGKal"
"Hinano Tachibana","https://music.apple.com/us/artist/hinano-tachibana/1776094510","https://music.amazon.co.jp/artists/B0CVT1DTZN","https://open.spotify.com/artist/5jQmOngFsTlkDa4GBBU8Oh"
"Hiodoshi Ao","https://music.apple.com/us/artist/hiodoshi-ao/1722891601","https://music.amazon.co.jp/artists/B0CKTM8RW4","https://open.spotify.com/artist/3DZ1IhsNwvpRBikwkNDY6Z"
"Hizuki Rurufu","https://music.apple.com/us/artist/hizuki-rurufu/1702268394","",""
"hololive 1st Generation","https://music.apple.com/us/artist/hololive-1st-generation/1567324091","https://music.amazon.co.jp/artists/B09671QSMM","https://open.spotify.com/artist/4TLgkK1S9q8LkOyrkloTzD"
"hololive 3rd Generation","https://music.apple.com/us/artist/hololive-3rd-generation/1846017222","",""
"hololive 4th Generation","https://music.apple.com/us/artist/hololive-4th-generation/1573415741","https://music.amazon.co.jp/artists/B09671QSMM","https://open.spotify.com/artist/6wKVNZwJCRHUfPIwAcBKB9"
"hololive 5th Generation","https://music.apple.com/us/artist/hololive-5th-generation/1692693098","https://music.amazon.co.jp/artists/B0C6KSB557","https://open.spotify.com/artist/1dKUu8dQXbudkOCOLGJDtF"
"hololive English","https://music.apple.com/us/artist/hololive-english/1692289576","https://music.amazon.co.jp/artists/B0C6KQNT4C","https://open.spotify.com/artist/5yPEnSSQxrRpZv4UVzKNgd"
"hololive English -Advent-","https://music.apple.com/us/artist/hololive-english-advent/1699712700","https://music.amazon.co.jp/artists/B0C8W4R5G7","https://open.spotify.com/artist/7f6iNIQqPWTQZyDUuMRyQZ"
"hololive English -Council-","https://music.apple.com/us/artist/hololive-english-council/1641217573","https://music.amazon.co.jp/artists/B09QMX42RD","https://open.spotify.com/artist/1dKUu8dQXbudkOCOLGJDtF"
"hololive English -Justice-","https://music.apple.com/us/artist/hololive-english-justice/1753197574","https://music.amazon.co.jp/artists/B0CQ7QWBSB","https://open.spotify.com/artist/4pF7qsArxuv4ZD7XWctF6x"
"hololive English -Myth-","https://music.apple.com/us/artist/hololive-english-myth/1557415274","https://music.amazon.co.jp/artists/B08WJMPTW5","https://open.spotify.com/artist/6HM0ayZcKcyODfmRYd1sYQ"
"hololive English -Promise-","https://music.apple.com/us/artist/hololive-english-promise/1752430277","https://music.amazon.co.jp/artists/B0CQ7R17LQ","https://open.spotify.com/artist/7f6iNIQqPWTQZyDUuMRyQZ"
"hololive ERROR","https://music.apple.com/us/artist/hololive-error/1630896125","https://music.amazon.co.jp/artists/B09RRNZQNW","https://open.spotify.com/artist/4AviR1MqlU1zAGYV6JAX6j"
"HOLOLIVE FANTASY","https://music.apple.com/us/artist/hololive-fantasy/1596401829","https://music.amazon.co.jp/artists/B09GSFWJHW","https://open.spotify.com/artist/7sKv6dUCJHyQ6rK6VoXZID"
"hololive GAMERS","https://music.apple.com/us/artist/hololive-gamers/1746882931","https://music.amazon.co.jp/artists/B0CNZ9DSJL","https://open.spotify.com/artist/0PRApVJAnQp1g3sYxUNC5F"
"hololive IDOL PROJECT","https://music.apple.com/us/artist/hololive-idol-project/1479292202","https://music.amazon.co.jp/artists/B07H2VL9N9","https://open.spotify.com/artist/6kO0JoS3T8CjnGemk0ym0K"
"hololive Indonesia","https://music.apple.com/us/artist/hololive-indonesia/1561519384","https://music.amazon.co.jp/artists/B09P4PDMJ8","https://open.spotify.com/artist/5ZqnEqFXWzfWjxytpjkKQd"
"hololive Indonesia 1st Generation","https://music.apple.com/us/artist/hololive-indonesia-1st-generation/1619263208","https://music.amazon.co.jp/artists/B09P4PDMJ8","https://open.spotify.com/artist/5ZqnEqFXWzfWjxytpjkKQd"
"hololive music studio","https://music.apple.com/us/artist/hololive-music-studio/1579662017","https://music.amazon.co.jp/artists/B096MY2PGK","https://open.spotify.com/artist/5ZuqN8ei6I3y8BJhwAJT6U"
"hololive Sports Festival Committee","https://music.apple.com/us/artist/hololive-sports-festival-committee/1653071313","https://music.amazon.co.jp/artists/B0BK6JQFG4","https://open.spotify.com/artist/5ZuqN8ei6I3y8BJhwAJT6U"
"HoneyStrap","https://music.apple.com/us/artist/honeystrap/1454104391","https://music.amazon.co.jp/artists/B08HWWN6RJ","https://open.spotify.com/artist/7cawVPPQBMuRKbiErUWvQX"
"HoneyWorks","https://music.apple.com/us/artist/honeyworks/415606364","https://music.amazon.co.jp/artists/B005Y3ONLA","https://open.spotify.com/artist/4mGgpEZYZMxo8ifD2cBsOr"
"Hoshimachi Suisei","https://music.apple.com/us/artist/hoshimachi-suisei/1503670948","https://music.amazon.co.jp/artists/B083P6BFBY","https://open.spotify.com/artist/726WiFmWkohzodUxK3XjHX"
"Houshou marine","https://music.apple.com/us/artist/houshou-marine/1527058880","https://music.amazon.co.jp/artists/B08H5FD89L","https://open.spotify.com/artist/2vgUijXnRj0o3RBwYJTtBl"
"ibaramuan","https://music.apple.com/us/artist/ibaramuan/1739270478","",""
"Ichijou Ririka","https://music.apple.com/us/artist/ichijou-ririka/1722891550","https://music.amazon.co.jp/artists/B0CKTM8RW4","https://open.spotify.com/artist/6X1gbfRUQKYYkl7VLvPEIz"
"Ichika Souya","https://music.apple.com/us/artist/ichika-souya/1485085012","https://music.amazon.co.jp/artists/B07P6QMS3N","https://open.spotify.com/artist/7FhODwlbWxUgwXXgmnOg4S"
"IMI","https://music.apple.com/us/artist/imi/1775383384","https://music.amazon.co.jp/artists/B0CP1ZKST6","https://open.spotify.com/artist/2YJ4DxZwoyEiggXKGWDtEE"
"Inugami Korone","https://music.apple.com/us/artist/inugami-korone/1562684718","https://music.amazon.co.jp/artists/B091P6R7N8","https://open.spotify.com/artist/4v0LY0rkHPIJ53X0G4Doq6"
"Inuyama Tamaki","https://music.apple.com/us/artist/inuyama-tamaki/1490647625","https://music.amazon.co.jp/artists/B07H2W2N5F","https://open.spotify.com/artist/4CzlSHnzU9tBsAv5JoQmO6"
"Iori Matsunaga","https://music.apple.com/us/artist/iori-matsunaga/1579010863","https://music.amazon.co.jp/artists/B097QVD2QV","https://open.spotify.com/artist/53Xn7Sm5RH5UwefWJ5E2jU"
"IRyS","https://music.apple.com/us/artist/irys/1576219850","https://music.amazon.co.jp/artists/B0982RSPZX","https://open.spotify.com/artist/1RrGTBD8GZpRNdL0uJ7tJ5"
"Isekaijoucho","https://music.apple.com/us/artist/isekaijoucho/1542902428","https://music.amazon.co.jp/artists/B08VQT8PLR","https://open.spotify.com/artist/0lUD7XoZGzN7qZ3HXX1bzm"
"Izumi Yunohara","https://music.apple.com/us/artist/izumi-yunohara/1653363528","",""
"Juufuutei Raden","https://music.apple.com/us/artist/juufuutei-raden/1722891723","https://music.amazon.co.jp/artists/B0CKTM8RW4","https://open.spotify.com/artist/1HvPnJ0IhCfvFxFpnGw3kG"
"Kaela Kovalskia","https://music.apple.com/us/artist/kaela-kovalskia/1712796551","https://music.amazon.co.jp/artists/B0C5SKPGLW","https://open.spotify.com/artist/2fYImq9LMGM7J1T5AY1HYA"
"KAF","https://music.apple.com/us/artist/kaf/1503255391","https://music.amazon.co.jp/artists/B082PQXMTD","https://open.spotify.com/artist/7vlxuYCYLBzQjxJcBiPCkl"
"Kaga Sumire","https://music.apple.com/us/artist/kaga-sumire/1785126578","",""
"Kagura Mea","https://music.apple.com/us/artist/kagura-mea/1557620154","https://music.amazon.co.jp/artists/B07GKWP7BF","https://open.spotify.com/artist/3u0ZuIhbly8dvSYXhHsGjp"
"KaguraNana","https://music.apple.com/us/artist/kaguranana/1557619672","https://music.amazon.co.jp/artists/B08WJPQ728","https://open.spotify.com/artist/0YQBzKVRZxOcGaKJL9oLsz"
"Kalafina","https://music.apple.com/us/artist/kalafina/315159189","",""
"KANAKEN","https://music.apple.com/us/artist/kanaken/1786489717","https://music.amazon.co.jp/artists/B0CVS7XX2L","https://open.spotify.com/artist/0J0H9bmMxwzGayg7RHjZ3W"
"Kanaria","https://music.apple.com/us/artist/kanaria/1522309252","https://music.amazon.co.jp/artists/B088CF16X3","https://open.spotify.com/artist/7kZTWx6cRKJeH7CuKxmUKz"
"Kannagi Tenri","https://music.apple.com/us/artist/kannagi-tenri/1761542161","",""
"Kanon Kanade","https://music.apple.com/us/artist/kanon-kanade/1503143497","",""
"Kazama Iroha","https://music.apple.com/us/artist/kazama-iroha/1657199914","https://music.amazon.co.jp/artists/B0BWLV61CT","https://open.spotify.com/artist/0sOeI7yF9RK3lo0q5kTW1z"
"Kizuna AI","https://music.apple.com/us/artist/kizuna-ai/1410047993","",""
"KizunaAI","https://music.apple.com/us/artist/kizunaai/1797983127","https://music.amazon.co.jp/artists/B07BMHF21C","https://open.spotify.com/artist/2nSwLQOfBDwxf8A9mmvvWH"
"KMNZ","https://music.apple.com/us/artist/kmnz/1416494540","https://music.amazon.co.jp/artists/B07BXRP9C6","https://open.spotify.com/artist/5Vyyvo5O9jRp8GLyQHOKDJ"
"Kobo Kanaeru","https://music.apple.com/us/artist/kobo-kanaeru/1630302894","https://music.amazon.co.jp/artists/B09RRLK4ZH","https://open.spotify.com/artist/5jR6NMu2Eb8V7UxEXeHtxm"
"Kohana Lam","https://music.apple.com/us/artist/kohana-lam/1529850728","https://music.amazon.co.jp/artists/B08B4QK4NJ","https://open.spotify.com/artist/2YEOUc5JbSHDjiGpxEg0vX"
"Kokage Tsumugi","https://music.apple.com/us/artist/kokage-tsumugi/1840084702","",""
"Koseki Bijou","https://music.apple.com/us/artist/koseki-bijou/1759892767","",""
"Kotone","https://music.apple.com/us/artist/kotone/1461706645","https://music.amazon.co.jp/artists/B07N36L2QN","https://open.spotify.com/artist/4EK6h7xnODZXrUF8DkIWZX"
"Kureiji Ollie","https://music.apple.com/us/artist/kureiji-ollie/1565580320","https://music.amazon.co.jp/artists/B091P9KRRP","https://open.spotify.com/artist/3sLDOKk32QnxZk0xpE06Gt"
"Kuromu Yano","https://music.apple.com/us/artist/kuromu-yano/1841779404","",""
"Kurumi Noah","https://music.apple.com/us/artist/kurumi-noah/1715972042","https://music.amazon.co.jp/artists/B0CKTM8RW4","https://open.spotify.com/artist/4tdR85mTeg2hpAx5rRgD2K"
"Kyo Hanabasami","https://music.apple.com/us/artist/kyo-hanabasami/1484418681","https://music.amazon.co.jp/artists/B07H2W2N5F","https://open.spotify.com/artist/0RoGtQVmP11HXTWfYYHIwS"
"La+ Darknesss","https://music.apple.com/us/artist/la-darknesss/1625645681","https://music.amazon.co.jp/artists/B09RRR7GQJ","https://open.spotify.com/artist/6NHoOlwOsZ1HqKYzDaFRHe"
"Linon Amakomo","https://music.apple.com/us/artist/linon-amakomo/1740692919","https://music.amazon.co.jp/artists/B0CNZ9DSJL","https://open.spotify.com/artist/7kNpwHd3AvrjGWpvXDAcEn"
"LIVE UNION","https://music.apple.com/us/artist/live-union/1803579925","https://music.amazon.co.jp/artists/B0CR3MDVW8","https://open.spotify.com/artist/7hFoOhZAxGtxNzGqxJEczt"
"livetune","https://music.apple.com/us/artist/livetune/491599229","https://music.amazon.co.jp/artists/B001LHXJK8","https://open.spotify.com/artist/0nYhCORUWxGHidxdmDNGzJ"
"Lize Helesta","https://music.apple.com/us/artist/lize-helesta/1513908494","https://music.amazon.co.jp/artists/B08KH3H8GM","https://open.spotify.com/artist/2SG6GPuUB5dlHpojqiGfQw"
"Luna Kaguya","https://music.apple.com/us/artist/luna-kaguya/1426323316","https://music.amazon.co.jp/artists/B0785N9DMV","https://open.spotify.com/artist/6GvZj7k8J8sVFvGPGKTgqK"
"Magical Girl holoWitches!","https://music.apple.com/us/artist/magical-girl-holowitches/1748977545","https://music.amazon.co.jp/artists/B0CNYPJJKC","https://open.spotify.com/artist/2tYcMhXF1MPUjjXMJaCvKJ"
"MaiR","https://music.apple.com/us/artist/mair/1555816873","https://music.amazon.co.jp/artists/B08WJMPTW5","https://open.spotify.com/artist/4eeXmEuZlqVqmBFIFYkQBW"
"Makaino Ririmu","https://music.apple.com/us/artist/makaino-ririmu/1604744638","",""
"MaRiNaSu","https://music.apple.com/us/artist/marinasu/1563846985","https://music.amazon.co.jp/artists/B0916DQBP6","https://open.spotify.com/artist/4j0bqHjR7PklckR2AkgV4Y"
"MarinasuMusic","https://music.apple.com/us/artist/marinasu/1473381674","",""
"Mea Hoshino","https://music.apple.com/us/artist/mea-hoshino/1484622536","",""
"Mea Kagura","https://music.apple.com/us/artist/mea-kagura/1491868499","https://music.amazon.co.jp/artists/B07GKWP7BF","https://open.spotify.com/artist/3u0ZuIhbly8dvSYXhHsGjp"
"MEDA","https://music.apple.com/us/artist/meda/1528075864","https://music.amazon.co.jp/artists/B08BG7B8KG","https://open.spotify.com/artist/4oj7EqYDNyqJBBTEqrEtZl"
"Met Komori","https://music.apple.com/us/artist/met-komori/1551575090","https://music.amazon.co.jp/artists/B09QG4S2QP","https://open.spotify.com/artist/7xCJZFPvH2M9pQxAFzXVU9"
"Mewhan","https://music.apple.com/us/artist/mewhan/1203185029","",""
"Mico Sekishiro","https://music.apple.com/us/artist/mico-sekishiro/1489295266","",""
"Midnight Grand Orchestra","https://music.apple.com/us/artist/midnight-grand-orchestra/1615949186","https://music.amazon.co.jp/artists/B09PDCLCTP","https://open.spotify.com/artist/2hR5RGHXNDXcw7jjSkeOYi"
"Mikeneko","https://music.apple.com/us/artist/mikeneko/1666437691","https://music.amazon.co.jp/artists/B0B4TDPH5X","https://open.spotify.com/artist/0tZ3MwrnrhGDc3kpXLZGzb"
"MiMi Kanade","https://music.apple.com/us/artist/mimi-kanade/1550008196","https://music.amazon.co.jp/artists/B08VQT8PLR","https://open.spotify.com/artist/0vkGCZ4D6uZDy1KvLx5JYX"
"Mimi Tosaki","https://music.apple.com/us/artist/mimi-tosaki/1838405504","",""
"Minato Aqua","https://music.apple.com/us/artist/minato-aqua/1528261915","https://music.amazon.co.jp/artists/B08H5D8T96","https://open.spotify.com/artist/2nC8GwUmpoLfvL0aHhxRmP"
"Mirai Akari","https://music.apple.com/us/artist/mirai-akari/1454607744","https://music.amazon.co.jp/artists/B07BJZB4JH","https://open.spotify.com/artist/2lWNPlNDOYWV8ZY1AlF6oI"
"Mirea Sheltzs","https://music.apple.com/us/artist/mirea-sheltzs/1659968207","",""
"Misa Anshinin","https://music.apple.com/us/artist/misa-anshinin/1740692920","https://music.amazon.co.jp/artists/B0CNZ9DSJL","https://open.spotify.com/artist/7fJs8giMQgXPr2uqOKPbm6"
"Moka Amayui","https://music.apple.com/us/artist/moka-amayui/1837131610","",""
"Momosuzu Nene","https://music.apple.com/us/artist/momosuzu-nene/1556189082","https://music.amazon.co.jp/artists/B08WHXBRYP","https://open.spotify.com/artist/6ucVY4AlxWxTTCw3WysgNx"
"Moona Hoshinova","https://music.apple.com/us/artist/moona-hoshinova/1558250263","https://music.amazon.co.jp/artists/B08XGYK2RG","https://open.spotify.com/artist/2oL2POX0G4LMJQ4Zjk5Dz5"
"Mori Calliope","https://music.apple.com/us/artist/mori-calliope/1536368549","https://music.amazon.co.jp/artists/B08WJMPTW5","https://open.spotify.com/artist/1PhE6rv0146ZTQosoPDjk8"
"MunMosh","https://music.apple.com/us/artist/munmosh/1707161304","https://music.amazon.co.jp/artists/B0CSNYP6MR","https://open.spotify.com/artist/2FT5DZSeZtKDEZfg7p7Uza"
"Murasaki Shion","https://music.apple.com/us/artist/murasaki-shion/1580886350","https://music.amazon.co.jp/artists/B09672ZBMJ","https://open.spotify.com/artist/0tt2oBDsYMWV5YRxtEO2hV"
"Nagino Mashiro","https://music.apple.com/us/artist/nagino-mashiro/1698802423","",""
"Nakiri Ayame","https://music.apple.com/us/artist/nakiri-ayame/1588262503","https://music.amazon.co.jp/artists/B099RW3YK1","https://open.spotify.com/artist/1MKNcMmDWXZHBQ4qgmXAU4"
"Nanashi Mumei","https://music.apple.com/us/artist/nanashi-mumei/1605118332","https://music.amazon.co.jp/artists/B09KGS99Y7","https://open.spotify.com/artist/1dKUu8dQXbudkOCOLGJDtF"
"Natsuiro Matsuri","https://music.apple.com/us/artist/natsuiro-matsuri/1535893633","https://music.amazon.co.jp/artists/B08LH2R8ZN","https://open.spotify.com/artist/6ZgX8Qh7CKbGxmzYHkTQqY"
"Nayutan Seijin","https://music.apple.com/us/artist/nayutan-seijin/1072272327","https://music.amazon.co.jp/artists/B01C6HYT8E","https://open.spotify.com/artist/3mVWMgLc7bcyCBtL2ymZwK"
"NEGI☆U","https://music.apple.com/us/artist/negi-u/1576992813","https://music.amazon.co.jp/artists/B097QLSF7X","https://open.spotify.com/artist/5XzRcVjF7jDO4NOZSBnI4J"
"Nekomata Okayu","https://music.apple.com/us/artist/nekomata-okayu/1554606011","https://music.amazon.co.jp/artists/B091P8XNPK","https://open.spotify.com/artist/7jVSZ3oP7WtQTFr5UBjFH8"
"Nemo_suzumi","https://music.apple.com/us/artist/nemo-suzumi/1667081379","",""
"Neo-Porte","https://music.apple.com/us/artist/neo-porte/1676886671","https://music.amazon.co.jp/artists/B0BPXH5SXX","https://open.spotify.com/artist/3ZK3cCzKEMbkL9Xc2PtkNO"
"Nerissa Ravencroft","https://music.apple.com/us/artist/nerissa-ravencroft/1713356529","https://music.amazon.co.jp/artists/B0C5RKV3LJ","https://open.spotify.com/artist/07M5QlQGT5biM9wGvCNBLa"
"NEUN","https://music.apple.com/us/artist/neun/1745437300","https://music.amazon.co.jp/artists/B0CP1ZKST6","https://open.spotify.com/artist/2YJ4DxZwoyEiggXKGWDtEE"
"Nijisanji","https://music.apple.com/us/artist/nijisanji/1486305487","https://music.amazon.co.jp/artists/B07JQQKK1B","https://open.spotify.com/artist/0HK5YWCUdQ7YJXcQnC4kGN"
"Ninomae Ina'nis","https://music.apple.com/us/artist/ninomae-inanis/1557415278","https://music.amazon.co.jp/artists/B08WJMPTW5","https://open.spotify.com/artist/0UPRlODRcIQLXfHpiJFLUC"
"NOVA","https://music.apple.com/us/artist/nova/1824248387","https://music.amazon.co.jp/artists/B0CV7BLB65","https://open.spotify.com/artist/1HXcWQBjZV2s1M7mELUOyT"
"Omaru Polka","https://music.apple.com/us/artist/omaru-polka/1580885637","https://music.amazon.co.jp/artists/B08WJ2HHFT","https://open.spotify.com/artist/5Vq3YQtw6QcUhRDuLjNv8u"
"Omoi","https://music.apple.com/us/artist/omoi/290409712","https://music.amazon.co.jp/artists/B00ESQIZRK","https://open.spotify.com/artist/4qLiJSefUNJxNpDEWdkEZL"
"Ookami Mio","https://music.apple.com/us/artist/ookami-mio/1581887998","https://music.amazon.co.jp/artists/B091P92K3Z","https://open.spotify.com/artist/3QXQJWZKqwR9jbrK8iEg5t"
"Oozora Subaru","https://music.apple.com/us/artist/oozora-subaru/1545085045","https://music.amazon.co.jp/artists/B08LH2NM1Y","https://open.spotify.com/artist/5nxXjwlpk9ZJdE20gReKDo"
"Orangestar","https://music.apple.com/us/artist/orangestar/1515449554","https://music.amazon.co.jp/artists/B00PFRZS4W","https://open.spotify.com/artist/7mC8CKKPTyMSJbY9jaCgTz"
"Otonose Kanade","https://music.apple.com/us/artist/otonose-kanade/1722891255","https://music.amazon.co.jp/artists/B0CKTM8RW4","https://open.spotify.com/artist/6E83lO8umrsT8OBQwQN2Zy"
"Ouro Kronii","https://music.apple.com/us/artist/ouro-kronii/1606077643","https://music.amazon.co.jp/artists/B09PGPK5JG","https://open.spotify.com/artist/7JwUkAWSXHnuWYYbAqUZwE"
"Palette Project","https://music.apple.com/us/artist/palette-project/1497298766","https://music.amazon.co.jp/artists/B08DBD47DG","https://open.spotify.com/artist/4OZtA6qDW98qnGSyf68pXk"
"Patra Suou","https://music.apple.com/us/artist/patra-suou/1451293199","https://music.amazon.co.jp/artists/B0CQF2ZLZB","https://open.spotify.com/artist/0bLJdsvQHbPcUCKBsxqjNM"
"Pavolia Reine","https://music.apple.com/us/artist/pavolia-reine/1584796439","https://music.amazon.co.jp/artists/B09GXVN6PM","https://open.spotify.com/artist/6jGMq4yGs7aQzuGsMgVgZR"
"Pinky Pop Hepburn","https://music.apple.com/us/artist/pinky-pop-hepburn/1484418495","https://music.amazon.co.jp/artists/B07H2W2N5F","https://open.spotify.com/artist/0RoGtQVmP11HXTWfYYHIwS"
"PinocchioP","https://music.apple.com/us/artist/pinocchiop/473591721","https://music.amazon.co.jp/artists/B008U5DIJA","https://open.spotify.com/artist/6mS5GeFUHrYZKjtGKBUHpR"
"Pmarusama","https://music.apple.com/us/artist/pmarusama/1540303619","https://music.amazon.co.jp/artists/B08B4QK4NJ","https://open.spotify.com/artist/0JIZ4rvvVtUgsYcXtHACTC"
"Qpi Kaminari","https://music.apple.com/us/artist/qpi-kaminari/1840084721","",""
"Ran Hinokuma","https://music.apple.com/us/artist/ran-hinokuma/1486702269","",""
"Ranze Tokiniwa","https://music.apple.com/us/artist/ranze-tokiniwa/1824924606","",""
"Raora Panthera","https://music.apple.com/us/artist/raora-panthera/1753197577","https://music.amazon.co.jp/artists/B0CQ7QWXJ4","https://open.spotify.com/artist/3vP4nQVvmFNB8ZeGfmSiRV"
"ReGLOSS","https://music.apple.com/us/artist/regloss/1705846194","https://music.amazon.co.jp/artists/B0CFBXC22N","https://open.spotify.com/artist/4DiPeCleXBG7NR7k6tzUNY"
"RIM","https://music.apple.com/us/artist/rim/1524318838","https://music.amazon.co.jp/artists/B08G1VTMQP","https://open.spotify.com/artist/4pcG6rHHuGxqORmqjC3vNl"
"Robocosan","https://music.apple.com/us/artist/robocosan/1453314635","https://music.amazon.co.jp/artists/B08LH2NM1Y","https://open.spotify.com/artist/5nPTWF0YVR6ZoOGa4reGQq"
"Ruki Otokado","https://music.apple.com/us/artist/ruki-otokado/1691255748","https://music.amazon.co.jp/artists/B0C52CBWVB","https://open.spotify.com/artist/4h9LXyMHAzUb4iomfXwTfL"
"Ruri Enma","https://music.apple.com/us/artist/ruri-enma/1525538789","https://music.amazon.co.jp/artists/B088DCMRRK","https://open.spotify.com/artist/5mwLXPld8KZGwvEOrY44kM"
"Sakamata Chloe","https://music.apple.com/us/artist/sakamata-chloe/1639475277","https://music.amazon.co.jp/artists/B09RRR7GQJ","https://open.spotify.com/artist/5FnpXrJjvvBE9qnTqgNPPX"
"Sakura Miko","https://music.apple.com/us/artist/sakura-miko/1536366304","https://music.amazon.co.jp/artists/B08LH2NM1Y","https://open.spotify.com/artist/0IXqQHNy2JFjQscvMKlp5a"
"Sana Natori","https://music.apple.com/us/artist/sana-natori/1483157022","https://music.amazon.co.jp/artists/B07MKPVHJ4","https://open.spotify.com/artist/5YMtKsFBHVyiY8MkNi8F3V"
"Sara Hoshikawa","https://music.apple.com/us/artist/sara-hoshikawa/1554415334","https://music.amazon.co.jp/artists/B08VRJ8JC9","https://open.spotify.com/artist/6wKVNZwJCRHUfPIwAcBKB9"
"Secret Society holoX","https://music.apple.com/us/artist/secret-society-holox/1702826121","https://music.amazon.co.jp/artists/B0CFRJK74H","https://open.spotify.com/artist/6NHoOlwOsZ1HqKYzDaFRHe"
"Sena Asumi","https://music.apple.com/us/artist/sena-asumi/1838405481","",""
"Shigure Ui","https://music.apple.com/us/artist/shigure-ui/1557619870","",""
"Shiori Novella","https://music.apple.com/us/artist/shiori-novella/1759892766","",""
"Shiranui Construction","https://music.apple.com/us/artist/shiranui-construction/1701992513","https://music.amazon.co.jp/artists/B0CF3LGPCM","https://open.spotify.com/artist/7hKwqG0hgvFLP6gha11SMb"
"Shiranui Flare","https://music.apple.com/us/artist/shiranui-flare/1542504425","https://music.amazon.co.jp/artists/B08WHHQWMR","https://open.spotify.com/artist/0tt2oBDsYMWV5YRxtEO2hV"
"Shirase Shirakawa","https://music.apple.com/us/artist/shirase-shirakawa/1779004835","",""
"Shiratama Utano","https://music.apple.com/us/artist/shiratama-utano/1759096883","",""
"Shirogane Noel","https://music.apple.com/us/artist/shirogane-noel/1587336768","https://music.amazon.co.jp/artists/B08WHHQWMR","https://open.spotify.com/artist/2FT5DZSeZtKDEZfg7p7Uza"
"Shishigami Leona","https://music.apple.com/us/artist/shishigami-leona/1484418640","https://music.amazon.co.jp/artists/B07H2W2N5F","https://open.spotify.com/artist/0RoGtQVmP11HXTWfYYHIwS"
"Shishiro Botan","https://music.apple.com/us/artist/shishiro-botan/1580884998","https://music.amazon.co.jp/artists/B08WJ2HHFT","https://open.spotify.com/artist/2tYcMhXF1MPUjjXMJaCvKJ"
"SIRO","https://music.apple.com/us/artist/siro/1477642869","https://music.amazon.co.jp/artists/B07GJXM1JY","https://open.spotify.com/artist/4eeXmEuZlqVqmBFIFYkQBW"
"SorAZ","https://music.apple.com/us/artist/soraz/1670687406","https://music.amazon.co.jp/artists/B0BLYGVQ35","https://open.spotify.com/artist/5mwLXPld8KZGwvEOrY44kM"
"SugarLyric","https://music.apple.com/us/artist/sugarlyric/1556200909","",""
"super sonico","https://music.apple.com/us/artist/super-sonico/434547269","",""
"Syusetu Kohaku","https://music.apple.com/us/artist/syusetu-kohaku/1736041241","https://music.amazon.co.jp/artists/B0CMMW97HJ","https://open.spotify.com/artist/0AxPzCixVWkv38HnXjJrjH"
"Takanashi Kiara","https://music.apple.com/us/artist/takanashi-kiara/1541573361","https://music.amazon.co.jp/artists/B08WJMPTW5","https://open.spotify.com/artist/1GcDKhQhGIHVUx60QHpJrL"
"Takane Lui","https://music.apple.com/us/artist/takane-lui/1630729058","https://music.amazon.co.jp/artists/B09RRR7GQJ","https://open.spotify.com/artist/6E83lO8umrsT8OBQwQN2Zy"
"TamaQuon","https://music.apple.com/us/artist/tamaquon/1616377998","https://music.amazon.co.jp/artists/B0C5V5TR4S","https://open.spotify.com/artist/4h9LXyMHAzUb4iomfXwTfL"
"Team ahamo(Amamiya Kokoro/Tachibana Hinano/Ars Almal/Natsuiro Matsuri/Omaru Polka)","https://music.apple.com/us/artist/team-ahamo-amamiya-kokoro-tachibana-hinano-ars-almal/1779223005","https://music.amazon.co.jp/artists/B0CVT1DTZN","https://open.spotify.com/artist/5jQmOngFsTlkDa4GBBU8Oh"
"Todoroki Hajime","https://music.apple.com/us/artist/todoroki-hajime/1722891977","https://music.amazon.co.jp/artists/B0CKTM8RW4","https://open.spotify.com/artist/0JIZ4rvvVtUgsYcXtHACTC"
"TOKINOSORA","https://music.apple.com/us/artist/tokinosora/1453313780","https://music.amazon.co.jp/artists/B08KH3H8GM","https://open.spotify.com/artist/2SG6GPuUB5dlHpojqiGfQw"
"Tokoyami Towa","https://music.apple.com/us/artist/tokoyami-towa/1554815946","https://music.amazon.co.jp/artists/B08WJ2HHFT","https://open.spotify.com/artist/3dR8PmFPFe9iXauCmVDRlN"
"Tomato Gummy","https://music.apple.com/us/artist/tomato-gummy/1478689042","https://music.amazon.co.jp/artists/B07H2W2N5F","https://open.spotify.com/artist/0RoGtQVmP11HXTWfYYHIwS"
"TotoSetono","https://music.apple.com/us/artist/totosetono/1534465289","https://music.amazon.co.jp/artists/B08B4P1JMR","https://open.spotify.com/artist/6GvZj7k8J8sVFvGPGKTgqK"
"Tsukumo Sana","https://music.apple.com/us/artist/tsukumo-sana/1628484522","https://music.amazon.co.jp/artists/B09P4PDMJ8","https://open.spotify.com/artist/7JwUkAWSXHnuWYYbAqUZwE"
"TSUNA NEKOTA","https://music.apple.com/us/artist/tsuna-nekota/1705858378","",""
"Tsunomaki Watame","https://music.apple.com/us/artist/tsunomaki-watame/1535893459","https://music.amazon.co.jp/artists/B08LH2NM1Y","https://open.spotify.com/artist/7qUHKUNjl9DWgGj6hA4OXK"
"Tulsi-Nightmare Madness","https://music.apple.com/us/artist/tulsi-nightmare-madness-iv/1688530550","https://music.amazon.co.jp/artists/B0BYR6X4WC","https://open.spotify.com/artist/2tYcMhXF1MPUjjXMJaCvKJ"
"Ui shigure","https://music.apple.com/us/artist/shigure-ui/1557619870","https://music.amazon.co.jp/artists/B08WJPQ728","https://open.spotify.com/artist/0YQBzKVRZxOcGaKJL9oLsz"
"UMISEA","https://music.apple.com/us/artist/umisea/1586252454","https://music.amazon.co.jp/artists/B09GXXM5ZN","https://open.spotify.com/artist/7sKv6dUCJHyQ6rK6VoXZID"
"Uruha Ichinose","https://music.apple.com/us/artist/uruha-ichinose/1841779013","",""
"Uruha Rushia","https://music.apple.com/us/artist/uruha-rushia/1550213629","https://music.amazon.co.jp/artists/B08WJ2HHFT","https://open.spotify.com/artist/4DiPeCleXBG7NR7k6tzUNY"
"Usada Pekora","https://music.apple.com/us/artist/usada-pekora/1536914919","https://music.amazon.co.jp/artists/B08LH2NM1Y","https://open.spotify.com/artist/2zDXRYv7D8luqD7SLRkGQR"
"V.W.P","https://music.apple.com/us/artist/v-w-p/1570388642","https://music.amazon.co.jp/artists/B0923LZRS8","https://open.spotify.com/artist/4j0bqHjR7PklckR2AkgV4Y"
"VEE","https://music.apple.com/us/artist/vee/1733129753","https://music.amazon.co.jp/artists/B0CMMW97HJ",""
"VESPERBELL","https://music.apple.com/us/artist/vesperbell/1538895100","https://music.amazon.co.jp/artists/B08HLBMJ9Q",""
"Vestia Zeta","https://music.apple.com/us/artist/vestia-zeta/1632970361","https://music.amazon.co.jp/artists/B09RRLK4ZH","https://open.spotify.com/artist/5FKoaT6Hb0toqWrXek6CXj"
"Vspo!","https://music.apple.com/us/artist/vspo/1674119412","https://music.amazon.co.jp/artists/B0BQ66FMBV","https://open.spotify.com/artist/3GhLvx7TLejVZWE1uGLEjf"
"Watson Amelia","https://music.apple.com/us/artist/watson-amelia/1557415281","https://music.amazon.co.jp/artists/B08WJMPTW5","https://open.spotify.com/artist/2tYcMhXF1MPUjjXMJaCvKJ"
"Weather Planet","https://music.apple.com/us/artist/weather-planet/1808591710","https://music.amazon.co.jp/artists/B0CMMW97HJ","https://open.spotify.com/artist/0AxPzCixVWkv38HnXjJrjH"
"wowaka","https://music.apple.com/us/artist/wowaka/359584491","https://music.amazon.co.jp/artists/B002Y41T56","https://open.spotify.com/artist/1iI7PKLGRyjBJjxNLWDgZB"
"XASTAR","https://music.apple.com/us/artist/xastar/1828936988","",""
"XIDEN","https://music.apple.com/us/artist/xiden/1775383679","https://music.amazon.co.jp/artists/B0CP1ZKST6","https://open.spotify.com/artist/2YJ4DxZwoyEiggXKGWDtEE"
"YOASOBI","https://music.apple.com/us/artist/yoasobi/1490256993","https://music.amazon.co.jp/artists/B07YVBR9BQ","https://open.spotify.com/artist/64tJ2EAv1R6UaZqc4iOCyj"
"Yono","https://music.apple.com/us/artist/yono/1775383517","https://music.amazon.co.jp/artists/B0CKTM8RW4","https://open.spotify.com/artist/0JIZ4rvvVtUgsYcXtHACTC"
"Yozora Mel","https://music.apple.com/us/artist/yozora-mel/1567324093","https://music.amazon.co.jp/artists/B08LH2NM1Y","https://open.spotify.com/artist/2C6QE6tP00448AbxtL6x5k"
"Yui Hizuki","https://music.apple.com/us/artist/yui-hizuki/1664377338","https://music.amazon.co.jp/artists/B0CKTM8RW4","https://open.spotify.com/artist/6E83lO8umrsT8OBQwQN2Zy"
"Yukihana Lamy","https://music.apple.com/us/artist/yukihana-lamy/1593347691","https://music.amazon.co.jp/artists/B08WJ2HHFT","https://open.spotify.com/artist/4XaRC6NwcjwsFwqsSaLfRQ"
"YuNi","https://music.apple.com/us/artist/yuni/1438344769","https://music.amazon.co.jp/artists/B07H2W2N5F","https://open.spotify.com/artist/2qPl80zF53pD0PXGIqtqXg"
"Yuuhei Satellite","https://music.apple.com/us/artist/yuuhei-satellite/605243855","https://music.amazon.co.jp/artists/B08BVDPK8W","https://open.spotify.com/artist/7rOvArMxBxZkEmWiT28EhS"
"Yuuhi Sendo","https://music.apple.com/us/artist/yuuhi-sendo/1841779405","",""
"Yuzuki Choco","https://music.apple.com/us/artist/yuzuki-choco/1583765157","https://music.amazon.co.jp/artists/B08H5FD89L","https://open.spotify.com/artist/3pVgMNL1XBLOoD0UYnyQrm"
"40mp","https://music.apple.com/us/artist/40mp/334467964","https://music.amazon.co.jp/artists/B0046H7L8G","https://open.spotify.com/artist/4nL0ypEibYNZyZ1k3e5UwJ"
"774inc.","https://music.apple.com/us/artist/774inc/1668487064","",""
